,file_name,type,name,label,desc,texPath,Neutroamine,BOR_Tenebrite,ComponentSpacer,BOR_ComponentIII,BOR_QuasarAlloyWeave,BOR_MedicineI,BOR_QuasarAlloy,BOR_Sunweave,BOR_Sunsteel,BOR_MedicineII,BOR_ComponentII,Plasteel,MedicineUltratech,Uranium
0,..\Common\Defs\BodyPartDefs\Tier1\Bodyparts.xml,ThingDef,BOR_SolarBionicEye,solar eye,"An advanced artificial eye. With its biogel nerve-link, internal signal pre-processor, and wide-spectrum sensors, it is better than a biological eye in almost every way. A lattice-dust healing system allows it to recover from damage.",,0,0,4,0,0,0,0,0,15,0,0,0,0,0
1,..\Common\Defs\BodyPartDefs\Tier1\Bodyparts.xml,ThingDef,BOR_SolarBionicArm,solar arm,"An advanced artificial arm. Silenced mini-servos give great strength, while the biogel nerve-link gives exquisite control. A lattice-dust healing system allows it to recover from damage. It is better than a biological arm in almost every way.",,0,0,4,0,0,0,0,0,15,0,0,0,0,0
2,..\Common\Defs\BodyPartDefs\Tier1\Bodyparts.xml,ThingDef,BOR_SolarBionicLeg,solar leg,"An advanced artificial leg. With its biogel nerve-link, powerful mini-servos, and lattice-dust healing system, it is better than a biological leg in almost every way.",,0,0,4,0,0,0,0,0,15,0,0,0,0,0
3,..\Common\Defs\BodyPartDefs\Tier1\Bodyparts.xml,ThingDef,BOR_SolarBionicSpine,solar spine,"An advanced artificial spine. A biogel nerve bundle runs down an articulated plasteel core, surrounded by a lattice-dust healing system. It matches the performance of a biological spine.",,0,0,4,0,0,0,0,0,15,0,0,0,0,0
4,..\Common\Defs\BodyPartDefs\Tier1\Bodyparts.xml,ThingDef,BOR_SolarBionicHeart,solar heart,"An advanced artificial heart. It has synthetic muscle fibers for a realistic heartbeat, plus a high-flow pump for rapid circulation during high stress. It is better than a biological heart in almost every way.",,0,0,4,0,0,0,0,0,15,0,0,0,0,0
5,..\Common\Defs\BodyPartDefs\Tier1\Bodyparts.xml,ThingDef,BOR_SolarBionicStomach,solar stomach,"An advanced artificial stomach with sensors and chemical synthesizers that efficiently digest nearly any energy-bearing foodstuff. A person with this has a much lower chance of getting food poisoning, and is immune to some stomach diseases. An integrated lattice-dust healing system automatically repairs any damage to the artificial organ. It is better than a biological stomach in almost every way.",,0,0,3,0,0,0,0,0,10,0,0,0,0,0
6,..\Common\Defs\BodyPartDefs\Tier1\Bodyparts.xml,ThingDef,BOR_SolarBionicEar,solar ear,"An advanced artificial ear implant. A collection of invisible subdermal microphones capture sound and transmit it to a biogel nerve interface that links directly with the auditory nerve. It's sensitive enough to hear a cat before you see it, can't be damaged by loud noise, and automatically tunes itself to pick out meaningful sounds in noisy environments.",,0,0,3,0,0,0,0,0,10,0,0,0,0,0
7,..\Common\Defs\BodyPartDefs\Tier1\Bodyparts.xml,ThingDef,BOR_SolarBionicTongue,solar tongue,"An artificial tongue replacement. Made of synthetic smooth-fibers and connected through a neurogel interface, it can match the performance of a natural tongue in speaking, eating, and tasting.",,0,0,2,0,0,0,0,0,8,0,0,0,0,0
8,..\Common\Defs\BodyPartDefs\Tier1\Bodyparts.xml,ThingDef,BOR_SolarBionicJaw,solar jaw,"An artificial jaw replacement. Made out of biosynthetic bone, with plasteel tooth replacements and a set of micro servomotors for the full range of motion.",,0,0,3,0,0,0,0,0,10,0,0,0,0,0
9,..\Common\Defs\BodyPartDefs\Tier2\Bodyparts.xml,ThingDef,BOR_QuasarBionicEye,quasar eye,"An advanced artificial eye. With its biogel nerve-link, internal signal pre-processor, and wide-spectrum sensors, it is better than a biological eye in almost every way. A lattice-dust healing system allows it to recover from damage.",,0,0,0,0,0,0,15,0,0,0,4,0,0,0
10,..\Common\Defs\BodyPartDefs\Tier2\Bodyparts.xml,ThingDef,BOR_QuasarBionicArm,quasar arm,"An advanced artificial arm. Silenced mini-servos give great strength, while the biogel nerve-link gives exquisite control. A lattice-dust healing system allows it to recover from damage. It is better than a biological arm in almost every way.",,0,0,0,0,0,0,15,0,0,0,4,0,0,0
11,..\Common\Defs\BodyPartDefs\Tier2\Bodyparts.xml,ThingDef,BOR_QuasarBionicLeg,quasar leg,"An advanced artificial leg. With its biogel nerve-link, powerful mini-servos, and lattice-dust healing system, it is better than a biological leg in almost every way.",,0,0,0,0,0,0,15,0,0,0,4,0,0,0
12,..\Common\Defs\BodyPartDefs\Tier2\Bodyparts.xml,ThingDef,BOR_QuasarBionicSpine,quasar spine,"An advanced artificial spine. A biogel nerve bundle runs down an articulated plasteel core, surrounded by a lattice-dust healing system. It matches the performance of a biological spine.",,0,0,0,0,0,0,15,0,0,0,4,0,0,0
13,..\Common\Defs\BodyPartDefs\Tier2\Bodyparts.xml,ThingDef,BOR_QuasarBionicHeart,quasar heart,"An advanced artificial heart. It has synthetic muscle fibers for a realistic heartbeat, plus a high-flow pump for rapid circulation during high stress. It is better than a biological heart in almost every way.",,0,0,0,0,0,0,15,0,0,0,4,0,0,0
14,..\Common\Defs\BodyPartDefs\Tier2\Bodyparts.xml,ThingDef,BOR_QuasarBionicStomach,quasar stomach,"An advanced artificial stomach with sensors and chemical synthesizers that efficiently digest nearly any energy-bearing foodstuff. A person with this has a much lower chance of getting food poisoning, and is immune to some stomach diseases. An integrated lattice-dust healing system automatically repairs any damage to the artificial organ. It is better than a biological stomach in almost every way.",,0,0,0,0,0,0,10,0,0,0,3,0,0,0
15,..\Common\Defs\BodyPartDefs\Tier2\Bodyparts.xml,ThingDef,BOR_QuasarBionicEar,quasar ear,"An advanced artificial ear implant. A collection of invisible subdermal microphones capture sound and transmit it to a biogel nerve interface that links directly with the auditory nerve. It's sensitive enough to hear a cat before you see it, can't be damaged by loud noise, and automatically tunes itself to pick out meaningful sounds in noisy environments.",,0,0,0,0,0,0,10,0,0,0,3,0,0,0
16,..\Common\Defs\BodyPartDefs\Tier2\Bodyparts.xml,ThingDef,BOR_QuasarBionicTongue,quasar tongue,"An artificial tongue replacement. Made of synthetic smooth-fibers and connected through a neurogel interface, it can match the performance of a natural tongue in speaking, eating, and tasting.",,0,0,0,0,0,0,8,0,0,0,2,0,0,0
17,..\Common\Defs\BodyPartDefs\Tier2\Bodyparts.xml,ThingDef,BOR_QuasarBionicJaw,quasar jaw,"An artificial jaw replacement. Made out of biosynthetic bone, with plasteel tooth replacements and a set of micro servomotors for the full range of motion.",,0,0,0,0,0,0,10,0,0,0,3,0,0,0
18,..\Common\Defs\BodyPartDefs\Tier3\Bodyparts.xml,ThingDef,BOR_TenebralAppendage,tenebral appendage template,A template for appendages made from tenebrite. They take the shape of a needed organ.,,0,25,0,4,0,0,0,0,0,0,0,0,0,0
19,..\Common\Defs\BodyPartDefs\Tier3\Bodyparts.xml,ThingDef,BOR_TenebralOrgan,tenebral organ template,"A Tenebral-technology organ template, shapes itself into the needed organ.",,0,15,0,6,0,0,0,0,0,0,0,0,0,0
20,..\Common\Defs\ThingDefs_Buildings\NeutroniumNet.xml,ThingDef,BOR_NeutroniumRefinery,neutronium refinery tier 1,A complex machine capable of refining Neutronium into everything.,BOR/Things/Building/neutroniumnet/tier1refinery,0,0,4,0,0,0,0,0,200,0,0,0,0,0
21,..\Common\Defs\ThingDefs_Buildings\NeutroniumNet.xml,ThingDef,BOR_NeutroniumRefinery_II,neutronium refinery tier 2,A complex machine capable of refining Neutronium into everything.,BOR/Things/Building/neutroniumnet/tier2refinery,0,0,0,0,0,0,200,0,0,0,4,0,0,0
22,..\Common\Defs\ThingDefs_Buildings\NeutroniumNet.xml,ThingDef,BOR_NeutroniumRefinery_III,neutronium refinery tier 3,A complex machine capable of refining Neutronium into everything.,BOR/Things/Building/neutroniumnet/tier3refinery,0,200,0,4,0,0,0,0,0,0,0,0,0,0
23,..\Common\Defs\ThingDefs_Buildings\NeutroniumNet.xml,ThingDef,BOR_NeutroniumPipe,neutronium pipe,BOR_Sunsteel pipes designed to transport usable Neutronium,BOR/Things/Building/neutroniumnet/neutroniumpipe_atlas,0,0,0,0,0,0,0,0,2,0,0,0,0,0
24,..\Common\Defs\ThingDefs_Buildings\NeutroniumNet.xml,ThingDef,BOR_UndergroundNeutroniumPipe,hidden neutronium pipe,Hidden Sunsteel pipes designed to transport usable Neutronium,UI/CSG/IConduit,0,0,0,0,0,0,0,0,4,0,0,0,0,0
25,..\Common\Defs\ThingDefs_Buildings\NeutroniumNet.xml,ThingDef,BOR_NeutroniumValve,neutronium valve,Switches Neutronium flow on/off.,BOR/Things/Building/neutroniumnet/neutroniumswitch,0,0,0,0,0,0,0,0,15,0,1,0,0,0
26,..\Common\Defs\ThingDefs_Buildings\NeutroniumNet.xml,ThingDef,BOR_NeutroniumTank,neutronium tank,"An industrial liquid storage tank meant for storing Neutronium delivered via Neutronium pipe network. Tanks can be designated to be siphoned for usable Neutronium as needed. If damaged even lightly the escaping fumes will very swiftly create a gaseous fireball, the size of the resulting explosion will depend on the amount stored within.",BOR/Things/Building/neutroniumnet/neutroniumtank,0,0,0,0,0,0,0,0,140,0,0,0,0,0
27,..\Common\Defs\ThingDefs_Buildings\NeutroniumNet.xml,ThingDef,BOR_NeutroniumTap,neutronium tap,A hopper-like storage basin meant to hold dispensed Neutronium from tanks periodically for use later.,BOR/Things/Building/neutroniumnet/neutroniumbottler,0,0,0,0,0,0,0,0,60,0,0,0,0,0
28,..\Common\Defs\ThingDefs_Buildings\NeutroniumNet.xml,ThingDef,BOR_NeutroniumDrain,neutronium drain,"A hopper-like storage basin meant to input Neutronium into the network, filling up connected tanks.",BOR/Things/Building/neutroniumnet/neutroniumsiphon,0,0,0,0,0,0,0,0,60,0,0,0,0,0
29,..\Common\Defs\ThingDefs_Buildings\NeutroniumNet.xml,ThingDef,BOR_InfiniteNeutroniumGenerator,tenebral neutronium selfsustained generator,Slowly generates neutronium from particulate matter in the air.,BOR/Things/Building/neutroniumnet/infinitetenebritereactor,0,250,0,6,0,0,80,0,0,0,8,0,0,0
30,..\Common\Defs\ThingDefs_Buildings\tier1\Buildings_Joy.xml,ThingDef,BOR_GameOfUrBoard,game-of-ur holoboard,"Dating from 2500BC, this exciting yet infuriating board game can be played by one or two people. This particular holoboard is enhanced with holograms making the game more engaging and challenging. It trains intellectual skills.",BOR/Things/Building/tier1/urboard/urboard,0,0,0,0,0,0,0,50,25,0,0,0,0,0
31,..\Common\Defs\ThingDefs_Buildings\tier1\Buildings_Joy.xml,ThingDef,BOR_ChessTable,chess holotable,"The ancient game of kings. Fun for a few hours here and there, even playing alone. This is a very immersive holotable with various improvements to presentation, and animated pawns. It trains intellectual skills.\n\nThis building requires adjacent chairs or stools to use.",BOR/Things/Building/tier1/chesstable,0,0,0,0,0,0,0,0,70,0,0,0,0,0
32,..\Common\Defs\ThingDefs_Buildings\tier1\Buildings_Joy.xml,ThingDef,BOR_PokerTable,poker holotable,A holographic table designed for playing gambling card games like poker. It's enhanced with holographic technology to improve the expierence. A great way to test your strategic skills and a bit of luck.\n\nThis building requires adjacent chairs or stools to use.,BOR/Things/Building/tier1/pokertable,0,0,0,0,0,0,0,50,75,0,0,0,0,0
33,..\Common\Defs\ThingDefs_Buildings\tier1\Buildings_Joy.xml,ThingDef,BOR_BilliardsTable,billiards holotable,A holotable for playing a variety of billiards-type games. It trains shooting ability.,BOR/Things/Building/tier1/billiardstable/billiardstable,0,0,0,0,0,0,0,80,110,0,0,0,0,0
34,..\Common\Defs\ThingDefs_Buildings\tier1\Buildings_Joy.xml,ThingDef,BOR_MegascreenTelevision_I,solarscreen television,"A huge, high-tech television. Gigantic, hyper-vibrant images almost leap out of the screen. Very entertaining. Picks up transmissions from ancient satellites and ubiquitous data cards.",BOR/Things/Building/tier1/tv/tv,0,0,22,0,0,0,0,0,260,0,0,0,0,0
35,..\Common\Defs\ThingDefs_Buildings\tier1\Buildings_Joy.xml,ThingDef,BOR_Telescope_I,holotelescope,A telescope for doing amateur astronomy. It's a relaxing hobby for a certain kind of person. Can only be used outdoors.,BOR/Things/Building/tier1/telescope,0,0,1,0,0,0,0,0,50,0,0,0,0,0
36,..\Common\Defs\ThingDefs_Buildings\tier1\Buildings_Joy.xml,ThingDef,BOR_PC_I,solarite personal computer,A high tech computer with utilizing an LCD monitor and better performance parts that are less prone to crashing. Gives a boost to learning after use.,BOR/Things/Building/tier1/computer/computer,0,0,10,0,0,0,0,0,100,0,0,0,0,0
37,..\Common\Defs\ThingDefs_Buildings\tier1\Buildings_Misc.xml,ThingDef,BOR_Research_Unlocker_I,solarite self-computing mainframe,Increases research speed when placed near hi-tech research bench and unlocks Solarite research projects. Each research bench can only use one Solarite self-computing mainframe.,BOR/Things/Building/tier1/research_unlocker,0,0,8,0,0,0,0,0,50,0,0,40,0,0
38,..\Common\Defs\ThingDefs_Buildings\tier1\Buildings_Misc.xml,ThingDef,BOR_ToolCabinet_I,holotool cabinet,Increases work speed when placed near a workbench. One workbench can use up to three holocabinets.,BOR/Things/Building/tier1/production_linkable,0,0,2,0,0,0,0,0,200,0,0,0,0,0
39,..\Common\Defs\ThingDefs_Buildings\tier1\Buildings_Power.xml,ThingDef,BOR_SolarGeothermalPowerGenerator,solar geothermal generator,"This solar geothermal generator not only produces a lot of power, [DBH]but can also double as water generator.[/DBH]",BOR/Retextures/geothermaltier1,0,0,6,0,0,0,0,0,300,0,0,0,0,0
40,..\Common\Defs\ThingDefs_Buildings\tier1\Buildings_Power.xml,ThingDef,BOR_Reactor_I,solarite reactor,Produces power by consuming solarite fuel rods. Must be periodically refueled by hand.,BOR/Things/Building/tier1/reactor,0,0,3,0,0,0,0,0,100,0,0,0,0,0
41,..\Common\Defs\ThingDefs_Buildings\tier1\Buildings_Power.xml,ThingDef,BOR_Battery_I,solari battery,Stores electricity for later use. Charged batteries explode when exposed to rain or fire.,BOR/Things/Building/tier1/battery/battery,0,0,2,0,0,0,0,0,70,0,0,0,0,0
42,..\Common\Defs\ThingDefs_Buildings\tier1\Buildings_Production.xml,ThingDef,BOR_Bench_I,sunsteel shaper,A work station for assembling Sunsteel-based technology.,BOR/Things/Building/tier1/production_bench,0,0,5,0,0,0,0,0,150,0,0,0,0,0
43,..\Common\Defs\ThingDefs_Buildings\tier1\Buildings_Production.xml,ThingDef,BOR_Forge_I,sunforge,Extracts usable metal from slag chunks and other mixed metal items. Consumes a lot of power.,BOR/Things/Building/tier1/smelter,0,0,2,0,0,0,0,0,170,0,0,0,0,0
44,..\Common\Defs\ThingDefs_Buildings\tier1\Buildings_Production.xml,ThingDef,BOR_MedicineBench_I,solar medical fabricator,"A work bench equipped with containers, heaters, and measurement devices for producing various drugs.",BOR/Things/Building/tier1/medicine_bench,0,0,6,0,0,0,0,0,125,0,0,0,0,0
45,..\Common\Defs\ThingDefs_Buildings\tier1\Buildings_Production.xml,ThingDef,BOR_HydroponicsBasin_I,solar hydrobasin,An artificial nutrient bath for growing plants. The nutrients pumps must work continuously; the plants will die if power is cut.,BOR/Things/Building/tier1/hydroponics/hydroponics,0,0,1,0,0,0,0,0,100,0,0,0,0,0
46,..\Common\Defs\ThingDefs_Buildings\tier2\Buildings_Joy.xml,ThingDef,BOR_MegascreenTelevision_II,quasarscreen television,"A huge, high-tech television. Gigantic, hyper-vibrant images almost leap out of the screen. Very entertaining. Picks up transmissions from ancient satellites and ubiquitous data cards.",BOR/Things/Building/tier2/tv/tv,0,0,0,0,0,0,260,0,0,0,22,0,0,0
47,..\Common\Defs\ThingDefs_Buildings\tier2\Buildings_Joy.xml,ThingDef,BOR_Telescope_II,quasoscope,A telescope for doing amateur astronomy. It's a relaxing hobby for a certain kind of person. Can only be used outdoors.,BOR/Things/Building/tier2/telescope,0,0,0,0,0,0,50,0,0,0,1,0,0,0
48,..\Common\Defs\ThingDefs_Buildings\tier2\Buildings_Joy.xml,ThingDef,BOR_PC_II,kwazaari personal computer,A high tech computer with utilizing an LCD monitor and better performance parts that are less prone to crashing. Gives a boost to learning after use.,BOR/Things/Building/tier2/computer/computer,0,0,0,0,0,0,100,0,0,0,10,0,0,0
49,..\Common\Defs\ThingDefs_Buildings\tier2\Buildings_Misc.xml,ThingDef,BOR_Research_Unlocker_II,sigma-class autonomous problem solver,Increases research speed when placed near hi-tech research bench and unlocks Solarite research projects. Each research bench can only use one Solarite self-computing mainframe.,BOR/Things/Building/tier2/research_unlocker,0,0,0,0,0,0,50,0,40,0,8,0,0,0
50,..\Common\Defs\ThingDefs_Buildings\tier2\Buildings_Misc.xml,ThingDef,BOR_ToolCabinet_II,tool kwaazbinet,Increases work speed when placed near a workbench. One workbench can use up to four kwaazbinets.,BOR/Things/Building/tier2/bench_linkable/bench_linkable,0,0,0,0,0,0,200,0,0,0,2,0,0,0
51,..\Common\Defs\ThingDefs_Buildings\tier2\Buildings_Power.xml,ThingDef,BOR_Reactor_II,epsilon-class neutronium reactor,Produces power by consuming neutronium. Must be fuelled via pipelines.,BOR/Things/Building/tier2/reactor,0,0,0,0,0,0,100,0,0,0,3,0,0,0
52,..\Common\Defs\ThingDefs_Buildings\tier2\Buildings_Power.xml,ThingDef,BOR_Battery_II,quasar battery,Stores electricity for later use. Charged batteries explode when exposed to rain or fire.,BOR/Things/Building/tier2/battery/battery2,0,0,0,0,0,0,70,0,0,0,2,0,0,0
53,..\Common\Defs\ThingDefs_Buildings\tier2\Buildings_Production.xml,ThingDef,BOR_Bench_II,neutronium refabricator,A work station for assembling Quasar-based technology.,BOR/Things/Building/tier2/production_bench,0,0,0,0,0,0,150,0,0,0,5,0,0,0
54,..\Common\Defs\ThingDefs_Buildings\tier2\Buildings_Production.xml,ThingDef,BOR_Forge_II,theta forge,Extracts usable metal from slag chunks and other mixed metal items. Consumes a lot of power.,BOR/Things/Building/tier2/smelter,0,0,0,0,0,0,170,0,0,0,2,0,0,0
55,..\Common\Defs\ThingDefs_Buildings\tier2\Buildings_Production.xml,ThingDef,BOR_MedicineBench_II,kwazaari medical fabricator,"A work bench equipped with containers, heaters, and measurement devices for producing various drugs.",BOR/Things/Building/tier2/medicine_bench/medicine_bench,0,0,0,0,0,0,125,0,0,0,6,0,0,0
56,..\Common\Defs\ThingDefs_Buildings\tier2\Buildings_Production.xml,ThingDef,BOR_HydroponicsBasin_II,hydrokwaesar 630,An artificial nutrient bath for growing plants. The nutrients pumps must work continuously; the plants will die if power is cut.,BOR/Things/Building/tier2/hydroponics/hydroponics,0,0,0,0,0,0,100,0,0,0,1,0,0,0
57,..\Common\Defs\ThingDefs_Buildings\tier3\Buildings_Joy.xml,ThingDef,BOR_MegascreenTelevision_III,darkscreen television,"A huge, high-tech television. Gigantic, hyper-vibrant images almost leap out of the screen. Very entertaining. Picks up transmissions from ancient satellites and ubiquitous data cards.",BOR/Things/Building/tier3/tv/tv,0,260,0,22,0,0,0,0,0,0,0,0,0,0
58,..\Common\Defs\ThingDefs_Buildings\tier3\Buildings_Joy.xml,ThingDef,BOR_Telescope_III,dark telescope,A telescope for doing amateur astronomy. It's a relaxing hobby for a certain kind of person. Can only be used outdoors.,BOR/Things/Building/tier3/telescope,0,50,0,1,0,0,0,0,0,0,0,0,0,0
59,..\Common\Defs\ThingDefs_Buildings\tier3\Buildings_Joy.xml,ThingDef,BOR_PC_III,tenebral personal computer,A high tech computer with utilizing an LCD monitor and better performance parts that are less prone to crashing. Gives a boost to learning after use.,BOR/Things/Building/tier3/computer/computer,0,100,0,10,0,0,0,0,0,0,0,0,0,0
60,..\Common\Defs\ThingDefs_Buildings\tier3\Buildings_Misc.xml,ThingDef,BOR_Research_Unlocker_III,dark mirror,Increases research speed when placed near hi-tech research bench and unlocks Solarite research projects. Each research bench can only use one Solarite self-computing mainframe.,BOR/Things/Building/tier3/research_unlocker/research_unlocker,0,50,0,8,0,0,0,0,40,0,0,0,0,0
61,..\Common\Defs\ThingDefs_Buildings\tier3\Buildings_Misc.xml,ThingDef,BOR_ToolCabinet_III,dark manufacturer,Increases work speed when placed near a workbench. One workbench can use up to five dark manufacturers.,BOR/Things/Building/tier3/production_bench_linkable/production_bench_linkable,0,200,0,2,0,0,0,0,0,0,0,0,0,0
62,..\Common\Defs\ThingDefs_Buildings\tier3\Buildings_Power.xml,ThingDef,BOR_Reactor_III,dark reactor,Produces power by existing.,BOR/Things/Building/tier3/reactor,0,100,0,3,0,0,0,0,0,0,0,0,0,0
63,..\Common\Defs\ThingDefs_Buildings\tier3\Buildings_Power.xml,ThingDef,BOR_Battery_III,tenebral battery,Stores electricity for later use. Charged batteries explode when exposed to rain or fire.,BOR/Things/Building/tier3/battery/battery3,0,70,0,2,0,0,0,0,0,0,0,0,0,0
64,..\Common\Defs\ThingDefs_Buildings\tier3\Buildings_Production.xml,ThingDef,BOR_Bench_III,dark fabricator,A work station for assembling Tenebrite-based technology.,BOR/Things/Building/tier3/production_bench,0,150,0,5,0,0,0,0,0,0,0,0,0,0
65,..\Common\Defs\ThingDefs_Buildings\tier3\Buildings_Production.xml,ThingDef,BOR_Forge_III,dark forge,Extracts usable metal from slag chunks and other mixed metal items. Consumes a lot of power.,BOR/Things/Building/tier3/forge,0,170,0,2,0,0,0,0,0,0,0,0,0,0
66,..\Common\Defs\ThingDefs_Buildings\tier3\Buildings_Production.xml,ThingDef,BOR_MedicineBench_III,tenebral medical fabricator,"A work bench equipped with containers, heaters, and measurement devices for producing various drugs.",BOR/Things/Building/tier3/medicine_bench,0,125,0,6,0,0,0,0,0,0,0,0,0,0
67,..\Common\Defs\ThingDefs_Buildings\tier3\Buildings_Production.xml,ThingDef,BOR_HydroponicsBasin_III,tenebral hydrogrower,An artificial nutrient bath for growing plants. The nutrients pumps must work continuously; the plants will die if power is cut.,BOR/Things/Building/tier3/hydroponics/hydroponics,0,100,0,1,0,0,0,0,0,0,0,0,0,0
68,..\Common\Defs\ThingDefs_Buildings\tier4\Buildings_Misc.xml,ThingDef,BOR_Research_Unlocker_IV,umbral spire,Increases research speed when placed near hi-tech research bench and unlocks Solarite research projects. Each research bench can only use one Solarite self-computing mainframe.,BOR/Retextures/spire,0,200,0,8,0,0,0,0,0,0,0,0,0,0
69,..\Common\Defs\ThingDefs_Buildings\tier4\Buildings_Power.xml,ThingDef,BOR_Reactor_IV,umbral reactor,is power.,BOR/Things/Building/tier4/reactor/reactor,0,100,0,3,0,0,0,0,0,0,0,0,0,0
70,..\Common\Defs\ThingDefs_Buildings\tier4\Buildings_Production.xml,ThingDef,BOR_Bench_IV,umbral creation engine,A work station for assembling whatever you want.,BOR/Things/Building/tier4/production_bench,0,1500,0,50,0,0,0,0,0,0,0,0,0,0
71,..\Common\Defs\ThingDefs_Buildings\tier4\Buildings_Production.xml,ThingDef,BOR_Forge_IV,umbral forge,Extracts usable metal from slag chunks and other mixed metal items. Consumes a lot of power.,BOR/Things/Building/tier4/forge/forge,0,1000,0,50,0,0,0,0,0,0,0,0,0,0
72,..\Common\Defs\ThingDefs_Items\resource.xml,ThingDef,BOR_Femtoclusters,femtoclusters,"An opaque apparatus filled with femtoscopic machines, clustered and waiting for an order. Container is made from picomachines and has neither a reader or an applicator. Picocluster contantly spreads and shrinks around the container, unnoticeable to naked eye; approaching user has their intentions read before they even lay eyes on the apparatus. Femtomachines are kept enclosed only because they have nowhere else to be and exit through the pores of the surrounding cluster when intent is understood.",BOR/Things/Item/Resource/Clusters/fem,0,0,0,0,0,0,0,0,0,0,0,0,0,0
73,..\Common\Defs\ThingDefs_Items\resource.xml,ThingDef,BOR_Picoclusters,picoclusters,"An opaque apparatus filled with picoscopic machines, clustered and waiting for an order. The container only has a tiny hole on the bottom. Entire container is built by nanomachines, so a reader is unneeded. Picomachines exit through the hole when intent is understood. Typically used for installation.",BOR/Things/Item/Resource/Clusters/pico,0,0,0,0,0,0,0,0,0,0,0,0,0,0
74,..\Common\Defs\ThingDefs_Items\resource.xml,ThingDef,BOR_Nanoclusters,nanoclusters,"An opaque apparatus filled with nanoscopic machines, clustered and waiting for an order. The container has an electronic reader on top and a needle-like applicator on the bottom. Electronic reader transmits intentions of the user into the nanocluster, and the applicator deploys them. Typically used for installation.",BOR/Things/Item/Resource/Clusters/nano,0,0,0,0,0,0,0,0,0,0,0,0,0,0
75,..\Common\Defs\ThingDefs_Items\Tier1\Armor\apparel_armor.xml,ThingDef,BOR_Solar_Apparel_FlakVest,solar flak vest,"A vest with sunsteel armor plates inserted on the chest and back. While quite effective at deflecting gunshots and stabbing attacks against the chest, it does nothing to protect the limbs.",Things/Pawn/Humanlike/Apparel/FlakVest/FlakVest,0,0,1,0,0,0,0,30,60,0,0,0,0,0
76,..\Common\Defs\ThingDefs_Items\Tier1\Armor\apparel_armor.xml,ThingDef,BOR_Solar_Apparel_FlakPants,solar flak pants,"A pair of pants with solar armor plates sewn in. While it's not as good as solid armor, it offers effective protection against all manner of attacks while remaining quite comfortable.",Things/Pawn/Humanlike/Apparel/FlakPants/FlakPants,0,0,1,0,0,0,0,30,60,0,0,0,0,0
77,..\Common\Defs\ThingDefs_Items\Tier1\Armor\apparel_armor.xml,ThingDef,BOR_Solar_Apparel_FlakJacket,solar flak jacket,"A tough sunsteel fabric jacket with armor plates sewn in. While it's not as good as solid armor, it offers effective protection against all manner of attacks while remaining quite comfortable.",Things/Pawn/Humanlike/Apparel/FlakJacket/FlakJacket,0,0,1,0,0,0,0,50,0,0,0,70,0,0
78,..\Common\Defs\ThingDefs_Items\Tier1\Armor\apparel_armor.xml,ThingDef,BOR_Solar_Apparel_PowerArmor,solar marine armor,"A suit of solar powered armor. Layered sunsteel-weave plates are very effective at stopping attacks, with few vulnerable joint sections. Neuro-memetic assistors allow a human to wear the armor and still move easily.\n\nArmor like this is often used by rapid-incursion space marines.",,0,0,0,0,0,0,0,0,0,0,0,0,0,0
79,..\Common\Defs\ThingDefs_Items\Tier1\Armor\apparel_armor.xml,ThingDef,BOR_Solar_Apparel_ArmorRecon,solar recon armor,"A suit of light partially-powered solar armor, designed to permit quick movement. Lightweight sunsteel-weave plates block attacks without compromising mobility, and neuro-memetic assistors in the lower body allow a human to wear the armor and still move easily.\n\nArmor like this is often used by imperial scout troops and glitterworld police forces.",,0,0,0,0,0,0,0,0,0,0,0,0,0,0
80,..\Common\Defs\ThingDefs_Items\Tier1\Armor\apparel_headgear.xml,ThingDef,BOR_Solar_Apparel_PowerArmorHelmet,solar marine helmet,"A solar marine armor helmet, with a built-in status computer and layered sunsteel-weave plates.\n\nArmor like this is often used by rapid-incursion space marines.",,0,0,0,0,0,0,0,0,0,0,0,0,0,0
81,..\Common\Defs\ThingDefs_Items\Tier1\Armor\apparel_headgear.xml,ThingDef,BOR_Solar_Apparel_ArmorHelmetRecon,solar recon helmet,A solar armored helmet with a built-in status computer and a protective sunsteel-weave plate.\n\nArmor like this is often used by imperial scout troops or glitterworld police forces.,,0,0,0,0,0,0,0,0,0,0,0,0,0,0
82,..\Common\Defs\ThingDefs_Items\Tier1\Drugs\Aegis.xml,ThingDef,BOR_Aegis,aegis,"A drug for preventing infections before they take hold. Blocks malaria, sleeping sickness, plague. Must be taken every five days to remain effective.\n\nThis drug only prevents new infections. It does not cure existing infections - even those that are not yet discovered.",BOR/Things/Item/Drugs/Tier1/Immune,3,0,0,0,0,0,0,0,0,0,0,0,0,0
83,..\Common\Defs\ThingDefs_Items\Tier1\Drugs\Sunlite.xml,ThingDef,BOR_Sunlite,sunlite,"A refined powdery preparation of the Sunweave-based Chemicals drug. When snorted, it produces a rapid euphoric high, dramatically reduces the user's need for rest, and suppresses pain. Like all forms of Sunweavium , it is addictive, though it is not as addictive as the cruder flake.\n\nBecause of its high cost and refined appearance, many cultures associate yayo with degenerate wealth. Whether in the throneroom or the boardroom, many hare-brained policy schemes have been developed during yayo-fueled binge parties.",BOR/Things/Item/Drugs/Tier1/Happy,0,0,0,0,0,0,0,12,0,0,0,0,0,0
84,..\Common\Defs\ThingDefs_Items\Tier1\Drugs\Trot.xml,ThingDef,BOR_Trot,trot,"A synthetic performance-enhancing drug developed for space marines during the early days of interplanetary warfare. trot blocks pain, increases movement speed, and improves the user's melee and shooting abilities.\n\nThe military chemists who created it were never able to remove its addictiveness. Some saw this as a downside; others saw it as a benefit.",BOR/Things/Item/Drugs/Tier1/Combat,2,0,0,0,0,0,0,0,1,0,0,0,0,0
85,..\Common\Defs\ThingDefs_Items\Tier1\Drugs\WideAWake.xml,ThingDef,BOR_WideAWake,wide-a-wake,"A synthetic stimulant. Wide-a-wake fills the user's need for rest, allowing them to work for extended periods without getting tired. However, taking wide-a-wake runs the risk of developing an addiction.\n\nIn the most competitive universities and companies of many worlds, high-achievers are sometimes called 'wide-a-wakes' because of the association with this drug.",BOR/Things/Item/Drugs/Tier1/Sleep,3,0,0,0,0,0,0,0,1,0,0,0,0,0
86,..\Common\Defs\ThingDefs_Items\Tier1\Resources\FuelRod.xml,ThingDef,BOR_FuelRod,solarite fuel rod,The solarite fuel rod.,BOR/Things/Item/Resource/fuelcell,0,0,0,0,0,0,0,0,0,0,0,0,0,0
87,..\Common\Defs\ThingDefs_Items\Tier1\Resources\neutronium.xml,ThingDef,BOR_Neutronium,neutronium,"An exotic form of matter composed of neutrons in tight gridlock. While naturally-occuring neutronium maintains this density through its own gravity, one must commit massive quantities of energy in order to form and maintain neutron matter planetside. On its own it is useless to you and dangerous to store, but alongside solar, quasar, and tenebral tech it can be used to transmute elements, synthesize goods, and equip armies. You can form neutronium into virtually anything!",BOR/Things/Item/Resource/neutronium,0,0,0,0,0,0,0,0,0,0,0,0,0,0
88,..\Common\Defs\ThingDefs_Items\Tier1\Resources\sunsteel.xml,ThingDef,BOR_Sunsteel,sunsteel,"An enhanced form of plasteel, saturated with superheavy nucleic matter. Plasteel's iconic molecular structure keeps these massive atoms from falling apart through the sheer strength of its bonds. Sunsteel is a strong material used to construct solar buildings and craft solar weapons.\n\nThe name ""sunsteel"" is derived from an old myth wherein the founders of the original Solarite Republic were given faulty flight commands by their onboard persona and flew through a star as it underwent supernova. Their hull's plasteel absorbed the star's raw, nuclear material, a combination that shielded these travellers from further harm. Manufacturing more of this new metal granted them an extreme edge over their neighbors, and the Solar Republic was born.",BOR/Things/Item/Resource/sunsteel,0,0,0,0,0,0,0,0,0,0,0,0,0,0
89,..\Common\Defs\ThingDefs_Items\Tier1\Resources\sunweave.xml,ThingDef,BOR_Sunweave,sunweave,"Nano-fibers woven into sheets molecule-by-molecule using specialized production mechanites. While it flexes freely most of the time, it stiffens to absorb blows as they land, and is incredibly difficult to break. The secrets of its production are known only to the most advanced glitterworld cultures.",BOR/Things/Item/Resource/sunsteeltextile,0,0,0,0,0,0,0,0,0,0,0,0,0,0
90,..\Common\Defs\ThingDefs_Items\Tier1\Various\medical.xml,ThingDef,BOR_MedicineI,solarite medicine,"A kit of advanced ultra-tech medical supplies, probably manufactured on a distant glitterworld. It contains advanced polymorphic drugs, nanite diagnostic and healing assisters, a mini-imager, and various multi-use tools.",BOR/Things/Item/Resource/medicine/medicine1,5,0,0,0,0,0,0,3,0,0,0,0,1,0
91,..\Common\Defs\ThingDefs_Items\Tier1\WeaponRanged\RangedUltratech.xml,ThingDef,BOR_Gun_Autopistol_TI,solar pistol,"An ancient pattern blowback-operated self-loading pistol. It lacks stopping power and range, but is quick to fire.",BOR/Things/Item/Equipment/weaponranged/gen1/pistol,0,0,2,0,0,0,0,0,30,0,0,0,0,0
92,..\Common\Defs\ThingDefs_Items\Tier1\WeaponRanged\RangedUltratech.xml,ThingDef,BOR_Bullet_Autopistol_TI,solar pistol bullet,,Things/Projectile/Bullet_Small,0,0,0,0,0,0,0,0,0,0,0,0,0,0
93,..\Common\Defs\ThingDefs_Items\Tier1\WeaponRanged\RangedUltratech.xml,ThingDef,BOR_Bullet_Shotgun_TI,shotgun solar blast,,Things/Projectile/Bullet_Shotgun,0,0,0,0,0,0,0,0,0,0,0,0,0,0
94,..\Common\Defs\ThingDefs_Items\Tier1\WeaponRanged\RangedUltratech.xml,ThingDef,BOR_Gun_ChainShotgun_TI,solar chain shotgun,"A magazine-fed fully automatic shotgun. It is even shorter-ranged than a typical shotgun, but is extraordinarily dangerous due to burst fire.",BOR/Things/Item/Equipment/weaponranged/gen1/shotgun,0,0,5,0,0,0,0,0,70,0,0,0,0,0
95,..\Common\Defs\ThingDefs_Items\Tier1\WeaponRanged\RangedUltratech.xml,ThingDef,BOR_Gun_AssaultRifle_TI,solar assault rifle,"A general-purpose gas-operated assault rifle for field or urban combat. It has good range, decent power, and good accuracy.",BOR/Things/Item/Equipment/weaponranged/gen1/rifle,0,0,7,0,0,0,0,0,60,0,0,0,0,0
96,..\Common\Defs\ThingDefs_Items\Tier1\WeaponRanged\RangedUltratech.xml,ThingDef,BOR_Bullet_AssaultRifle_TI,assault rifle solar bullet,,Things/Projectile/Bullet_Small,0,0,0,0,0,0,0,0,0,0,0,0,0,0
97,..\Common\Defs\ThingDefs_Items\Tier1\WeaponRanged\RangedUltratech.xml,ThingDef,BOR_Gun_SniperRifle_TI,solar sniper rifle,"An ancient design of precision sniper rifle. Bolt action. It has an exceptionally long range, great accuracy and good power. Because it's so unwieldy, other weapons outclass it at close range.",BOR/Things/Item/Equipment/weaponranged/gen1/sniper,0,0,8,0,0,0,0,0,60,0,0,0,0,0
98,..\Common\Defs\ThingDefs_Items\Tier1\WeaponRanged\RangedUltratech.xml,ThingDef,BOR_Bullet_SniperRifle_TI,sniper rifle solar bullet,,Things/Projectile/Bullet_Big,0,0,0,0,0,0,0,0,0,0,0,0,0,0
99,..\Common\Defs\ThingDefs_Items\Tier2\Armor\apparel_armor.xml,ThingDef,BOR_Quasar_Apparel_FlakVest,quasar flak vest,"A vest with quasar alloy armor plates inserted on the chest and back. While quite effective at deflecting gunshots and stabbing attacks against the chest, it does nothing to protect the limbs.",Things/Pawn/Humanlike/Apparel/FlakVest/FlakVest,0,0,0,0,30,0,60,0,0,0,1,0,0,0
100,..\Common\Defs\ThingDefs_Items\Tier2\Armor\apparel_armor.xml,ThingDef,BOR_Quasar_Apparel_FlakPants,quasar flak pants,"A pair of pants with quasar armor plates sewn in. While it's not as good as solid armor, it offers effective protection against all manner of attacks while remaining quite comfortable.",Things/Pawn/Humanlike/Apparel/FlakPants/FlakPants,0,0,0,0,30,0,0,0,60,0,1,0,0,0
101,..\Common\Defs\ThingDefs_Items\Tier2\Armor\apparel_armor.xml,ThingDef,BOR_Quasar_Apparel_FlakJacket,quasar flak jacket,"A tough quasar alloy fabric jacket with armor plates sewn in. While it's not as good as solid armor, it offers effective protection against all manner of attacks while remaining quite comfortable.",Things/Pawn/Humanlike/Apparel/FlakJacket/FlakJacket,0,0,0,0,50,0,0,0,70,0,1,0,0,0
102,..\Common\Defs\ThingDefs_Items\Tier2\Armor\apparel_armor.xml,ThingDef,BOR_Quasar_Apparel_PowerArmor,quasar marine armor,"A suit of quasar powered armor. Layered quasar alloy-weave plates are very effective at stopping attacks, with few vulnerable joint sections. Neuro-memetic assistors allow a human to wear the armor and still move easily.\n\nArmor like this is often used by rapid-incursion space marines.",,0,0,0,0,0,0,0,0,0,0,0,0,0,0
103,..\Common\Defs\ThingDefs_Items\Tier2\Armor\apparel_armor.xml,ThingDef,BOR_Quasar_Apparel_ArmorRecon,quasar recon armor,"A suit of light partially-powered quasar armor, designed to permit quick movement. Lightweight quasar alloy-weave plates block attacks without compromising mobility, and neuro-memetic assistors in the lower body allow a human to wear the armor and still move easily.\n\nArmor like this is often used by imperial scout troops and glitterworld police forces.",,0,0,0,0,0,0,0,0,0,0,0,0,0,0
104,..\Common\Defs\ThingDefs_Items\Tier2\Armor\apparel_headgear.xml,ThingDef,BOR_Quasar_Apparel_PowerArmorHelmet,quasar marine helmet,"A quasar marine armor helmet, with a built-in status computer and layered quasar alloy-weave plates.\n\nArmor like this is often used by rapid-incursion space marines.",,0,0,0,0,0,0,0,0,0,0,0,0,0,0
105,..\Common\Defs\ThingDefs_Items\Tier2\Armor\apparel_headgear.xml,ThingDef,BOR_Quasar_Apparel_ArmorHelmetRecon,quasar recon helmet,A quasar armored helmet with a built-in status computer and a protective quasar alloy-weave plate.\n\nArmor like this is often used by imperial scout troops or glitterworld police forces.,,0,0,0,0,0,0,0,0,0,0,0,0,0,0
106,..\Common\Defs\ThingDefs_Items\Tier2\Drugs\Canter.xml,ThingDef,BOR_Canter,canter,"A synthetic performance-enhancing drug developed for space marines during the early days of interplanetary warfare. canter blocks pain, increases movement speed, and improves the user's melee and shooting abilities.\n\nThe military chemists who created it were never able to remove its addictiveness. Some saw this as a downside; others saw it as a benefit.",BOR/Things/Item/Drugs/Tier2/Combat,2,0,0,0,0,0,1,0,1,0,0,0,0,0
107,..\Common\Defs\ThingDefs_Items\Tier2\Drugs\Castra.xml,ThingDef,BOR_Castra,castra,"A drug for preventing infections before they take hold. Blocks malaria, sleeping sickness, plague. Must be taken every five days to remain effective.\n\nThis drug only prevents new infections. It does not cure existing infections - even those that are not yet discovered.",BOR/Things/Item/Drugs/Tier2/Immune,5,0,0,0,0,0,0,0,0,0,0,0,0,0
108,..\Common\Defs\ThingDefs_Items\Tier2\Drugs\Sleepquitin.xml,ThingDef,BOR_Sleepquitin,sleepquitin,"A synthetic stimulant. sleepquitin fills the user's need for rest, allowing them to work for extended periods without getting tired. However, taking sleepquitin runs the risk of developing an addiction.\n\nIn the most competitive universities and companies of many worlds, high-achievers are sometimes called 'sleepquitins' because of the association with this drug.",BOR/Things/Item/Drugs/Tier2/Sleep,5,0,0,0,0,0,1,0,1,0,0,0,0,0
109,..\Common\Defs\ThingDefs_Items\Tier2\Drugs\Sunlight.xml,ThingDef,BOR_Sunlight,sunlight,"A refined powdery preparation of the Sunweave-based Chemicals drug. When snorted, it produces a rapid euphoric high, dramatically reduces the user's need for rest, and suppresses pain. Like all forms of Sunweavium , it is addictive, though it is not as addictive as the cruder flake.\n\nBecause of its high cost and refined appearance, many cultures associate yayo with degenerate wealth. Whether in the throneroom or the boardroom, many hare-brained policy schemes have been developed during yayo-fueled binge parties.",BOR/Things/Item/Drugs/Tier2/Happy,0,0,0,0,4,0,0,18,0,0,0,0,0,0
110,..\Common\Defs\ThingDefs_Items\Tier2\Resources\quasaralloy.xml,ThingDef,BOR_QuasarAlloy,quasar alloy,Advanced spacer tech structural material. Plasteel is extremely strong due to its unique molecular structure.,BOR/Things/Item/Resource/quasarite,0,0,0,0,0,0,0,0,0,0,0,0,0,0
111,..\Common\Defs\ThingDefs_Items\Tier2\Resources\quasaralloy.xml,ThingDef,BOR_ComponentII,kwazaari universal part,"Advanced computing and energy-directing machinery, miniaturized and hardened for the most demanding applications.",BOR/Things/Item/Resource/componentgen2/componentgen2,0,0,0,0,0,0,0,0,0,0,0,0,0,0
112,..\Common\Defs\ThingDefs_Items\Tier2\Resources\quasaralloyweave.xml,ThingDef,BOR_QuasarAlloyWeave,quasarite weave,"Nano-fibers woven into sheets molecule-by-molecule using specialized production mechanites. While it flexes freely most of the time, it stiffens to absorb blows as they land, and is incredibly difficult to break. The secrets of its production are known only to the most advanced glitterworld cultures.",BOR/Things/Item/Resource/quasarleather,0,0,0,0,0,0,0,0,0,0,0,0,0,0
113,..\Common\Defs\ThingDefs_Items\Tier2\Various\medical.xml,ThingDef,BOR_MedicineII,first kwaed kit,"A kit of advanced ultra-tech medical supplies, probably manufactured on a distant glitterworld. It contains advanced polymorphic drugs, nanite diagnostic and healing assisters, a mini-imager, and various multi-use tools.",BOR/Things/Item/Resource/medicine/medicine2,10,0,0,0,3,1,0,0,0,0,0,0,0,0
114,..\Common\Defs\ThingDefs_Items\Tier2\WeaponRanged\MeleeUltratech.xml,ThingDef,BOR_Longsword,kwazaari sword,"The ancient weapon of kings, the longsword can be used for slashing or stabbing.",Things/Item/Equipment/WeaponMelee/LongSword,0,0,0,0,0,0,75,0,0,0,0,0,0,0
115,..\Common\Defs\ThingDefs_Items\Tier2\WeaponRanged\RangedUltratech.xml,ThingDef,BOR_Gun_Autopistol_TII,kwazaari pistol,"An ancient pattern blowback-operated self-loading pistol. It lacks stopping power and range, but is quick to fire.",BOR/Things/Item/Equipment/weaponranged/gen2/pistol,0,0,0,0,0,0,30,0,0,0,2,0,0,0
116,..\Common\Defs\ThingDefs_Items\Tier2\WeaponRanged\RangedUltratech.xml,ThingDef,BOR_Bullet_Autopistol_TII,kwazaari pistol bullet,,Things/Projectile/Bullet_Small,0,0,0,0,0,0,0,0,0,0,0,0,0,0
117,..\Common\Defs\ThingDefs_Items\Tier2\WeaponRanged\RangedUltratech.xml,ThingDef,BOR_Bullet_Shotgun_TII,shotgun kwazaari blast,,Things/Projectile/Bullet_Shotgun,0,0,0,0,0,0,0,0,0,0,0,0,0,0
118,..\Common\Defs\ThingDefs_Items\Tier2\WeaponRanged\RangedUltratech.xml,ThingDef,BOR_Gun_ChainShotgun_TII,kwazaari chain shotgun,"A magazine-fed fully automatic shotgun. It is even shorter-ranged than a typical shotgun, but is extraordinarily dangerous due to burst fire.",BOR/Things/Item/Equipment/weaponranged/gen2/shotgun,0,0,0,0,0,0,70,0,0,0,5,0,0,0
119,..\Common\Defs\ThingDefs_Items\Tier2\WeaponRanged\RangedUltratech.xml,ThingDef,BOR_Gun_AssaultRifle_TII,kwazaari assault rifle,"A general-purpose gas-operated assault rifle for field or urban combat. It has good range, decent power, and good accuracy.",BOR/Things/Item/Equipment/weaponranged/gen2/rifle,0,0,0,0,0,0,60,0,0,0,7,0,0,0
120,..\Common\Defs\ThingDefs_Items\Tier2\WeaponRanged\RangedUltratech.xml,ThingDef,BOR_Bullet_AssaultRifle_TII,assault rifle kwazaari bullet,,Things/Projectile/Bullet_Small,0,0,0,0,0,0,0,0,0,0,0,0,0,0
121,..\Common\Defs\ThingDefs_Items\Tier2\WeaponRanged\RangedUltratech.xml,ThingDef,BOR_Gun_SniperRifle_TII,kwazaari sniper rifle,"An ancient design of precision sniper rifle. Bolt action. It has an exceptionally long range, great accuracy and good power. Because it's so unwieldy, other weapons outclass it at close range.",BOR/Things/Item/Equipment/weaponranged/gen2/sniper,0,0,0,0,0,0,60,0,0,0,8,0,0,0
122,..\Common\Defs\ThingDefs_Items\Tier2\WeaponRanged\RangedUltratech.xml,ThingDef,BOR_Bullet_SniperRifle_TII,sniper rifle kwazaari bullet,,Things/Projectile/Bullet_Big,0,0,0,0,0,0,0,0,0,0,0,0,0,0
123,..\Common\Defs\ThingDefs_Items\Tier2\WeaponRanged\RangedUltratech.xml,ThingDef,BOR_Gun_LMG_TII,kwazaari lmg,"A gas-operated light machine gun. While it is somewhat unwieldy and inaccurate, its long bursts of fire are effective against groups of enemies.",BOR/Things/Item/Equipment/weaponranged/gen2/lmg,0,0,0,0,0,0,75,0,0,0,5,0,0,0
124,..\Common\Defs\ThingDefs_Items\Tier2\WeaponRanged\RangedUltratech.xml,ThingDef,Bullet_LMG,LMG bullet,,Things/Projectile/Bullet_Small,0,0,0,0,0,0,0,0,0,0,0,0,0,0
125,..\Common\Defs\ThingDefs_Items\Tier3\Armor\apparel_armor.xml,ThingDef,BOR_Tenebral_Apparel_FlakVest,tenebral flak vest,"A vest with tenebrite armor plates inserted on the chest and back. While quite effective at deflecting gunshots and stabbing attacks against the chest, it does nothing to protect the limbs.",Things/Pawn/Humanlike/Apparel/FlakVest/FlakVest,0,90,0,1,0,0,0,0,0,0,0,0,0,0
126,..\Common\Defs\ThingDefs_Items\Tier3\Armor\apparel_armor.xml,ThingDef,BOR_Tenebral_Apparel_FlakPants,tenebral flak pants,"A pair of pants with tenebral armor plates sewn in. While it's not as good as solid armor, it offers effective protection against all manner of attacks while remaining quite comfortable.",Things/Pawn/Humanlike/Apparel/FlakPants/FlakPants,0,30,0,1,0,0,60,0,0,0,0,0,0,0
127,..\Common\Defs\ThingDefs_Items\Tier3\Armor\apparel_armor.xml,ThingDef,BOR_Tenebral_Apparel_FlakJacket,tenebral flak jacket,"A tough tenebrite fabric jacket with armor plates sewn in. While it's not as good as solid armor, it offers effective protection against all manner of attacks while remaining quite comfortable.",Things/Pawn/Humanlike/Apparel/FlakJacket/FlakJacket,0,50,0,1,0,0,70,0,0,0,0,0,0,0
128,..\Common\Defs\ThingDefs_Items\Tier3\Armor\apparel_armor.xml,ThingDef,BOR_Tenebral_Apparel_PowerArmor,tenebral marine armor,"A suit of tenebral powered armor. Layered tenebrite-weave plates are very effective at stopping attacks, with few vulnerable joint sections. Neuro-memetic assistors allow a human to wear the armor and still move easily.\n\nArmor like this is often used by rapid-incursion space marines.",,0,0,0,0,0,0,0,0,0,0,0,0,0,0
129,..\Common\Defs\ThingDefs_Items\Tier3\Armor\apparel_armor.xml,ThingDef,BOR_Tenebral_Apparel_ArmorRecon,tenebral recon armor,"A suit of light partially-powered tenebral armor, designed to permit quick movement. Lightweight tenebrite-weave plates block attacks without compromising mobility, and neuro-memetic assistors in the lower body allow a human to wear the armor and still move easily.\n\nArmor like this is often used by imperial scout troops and glitterworld police forces.",,0,0,0,0,0,0,0,0,0,0,0,0,0,0
130,..\Common\Defs\ThingDefs_Items\Tier3\Armor\apparel_headgear.xml,ThingDef,BOR_Tenebral_Apparel_PowerArmorHelmet,tenebral marine helmet,"A tenebral marine armor helmet, with a built-in status computer and layered tenebrite-weave plates.\n\nArmor like this is often used by rapid-incursion space marines.",,0,0,0,0,0,0,0,0,0,0,0,0,0,0
131,..\Common\Defs\ThingDefs_Items\Tier3\Armor\apparel_headgear.xml,ThingDef,BOR_Tenebral_Apparel_ArmorHelmetRecon,tenebral recon helmet,A tenebral armored helmet with a built-in status computer and a protective tenebrite-weave plate.\n\nArmor like this is often used by imperial scout troops or glitterworld police forces.,,0,0,0,0,0,0,0,0,0,0,0,0,0,0
132,..\Common\Defs\ThingDefs_Items\Tier3\Drugs\Adreamoline.xml,ThingDef,BOR_Adreamoline,adreamoline,"A synthetic stimulant. adreamoline fills the user's need for rest, allowing them to work for extended periods without getting tired. However, taking adreamoline runs the risk of developing an addiction.\n\nIn the most competitive universities and companies of many worlds, high-achievers are sometimes called 'adreamolines' because of the association with this drug.",BOR/Things/Item/Drugs/Tier3/Sleep,10,1,0,0,0,0,0,0,1,0,0,0,0,0
133,..\Common\Defs\ThingDefs_Items\Tier3\Drugs\Crewmates.xml,ThingDef,BOR_Crewmates,crewmates,"A refined powdery preparation of the Sunweave-based Chemicals drug. When snorted, it produces a rapid euphoric high, dramatically reduces the user's need for rest, and suppresses pain. Like all forms of Sunweavium , it is addictive, though it is not as addictive as the cruder flake.\n\nBecause of its high cost and refined appearance, many cultures associate yayo with degenerate wealth. Whether in the throneroom or the boardroom, many hare-brained policy schemes have been developed during yayo-fueled binge parties.",BOR/Things/Item/Drugs/Tier3/Happy/Happy,0,4,0,0,0,0,0,18,0,0,0,0,0,0
134,..\Common\Defs\ThingDefs_Items\Tier3\Drugs\Gallop.xml,ThingDef,BOR_Gallop,gallop,"A synthetic performance-enhancing drug developed for space marines during the early days of interplanetary warfare. gallop blocks pain, increases movement speed, and improves the user's melee and shooting abilities.\n\nThe military chemists who created it were never able to remove its addictiveness. Some saw this as a downside; others saw it as a benefit.",BOR/Things/Item/Drugs/Tier3/Combat,2,0,0,0,0,0,1,0,1,0,0,0,0,0
135,..\Common\Defs\ThingDefs_Items\Tier3\Drugs\Pax.xml,ThingDef,BOR_Pax,pax,"A drug for preventing infections before they take hold. Blocks malaria, sleeping sickness, plague. Must be taken every five days to remain effective.\n\nThis drug only prevents new infections. It does not cure existing infections - even those that are not yet discovered.",BOR/Things/Item/Drugs/Tier3/Immune,5,0,0,0,0,0,0,0,0,0,0,0,0,0
136,..\Common\Defs\ThingDefs_Items\Tier3\Resources\tenebrite.xml,ThingDef,BOR_Tenebrite,tenebrite crystals,Advanced spacer tech structural material. Plasteel is extremely strong due to its unique molecular structure.,BOR/Things/Item/Resource/tenebrite,0,0,0,0,0,0,0,0,0,0,0,0,0,0
137,..\Common\Defs\ThingDefs_Items\Tier3\Resources\tenebrite.xml,ThingDef,BOR_ComponentIII,crystalline joints,"Advanced computing and energy-directing machinery, miniaturized and hardened for the most demanding applications.",BOR/Things/Item/Resource/componentgen3/componentgen3,0,0,0,0,0,0,0,0,0,0,0,0,0,0
138,..\Common\Defs\ThingDefs_Items\Tier3\Various\medical.xml,ThingDef,BOR_MedicineIII,dark medicine,"A kit of advanced ultra-tech medical supplies, probably manufactured on a distant glitterworld. It contains advanced polymorphic drugs, nanite diagnostic and healing assisters, a mini-imager, and various multi-use tools.",BOR/Things/Item/Resource/medicine/medicine3,10,3,0,0,0,0,0,0,0,1,0,0,0,0
139,..\Common\Defs\ThingDefs_Items\Tier3\WeaponRanged\RangedArchotech.xml,ThingDef,BOR_Gun_Autopistol_TIII,tenebral pistol,"An ancient pattern blowback-operated self-loading pistol. It lacks stopping power and range, but is quick to fire.",BOR/Things/Item/Equipment/weaponranged/gen3/pistol,0,30,0,2,0,0,0,0,0,0,0,0,0,0
140,..\Common\Defs\ThingDefs_Items\Tier3\WeaponRanged\RangedArchotech.xml,ThingDef,BOR_Bullet_Autopistol_TIII,tenebral pistol bullet,,Things/Projectile/Bullet_Small,0,0,0,0,0,0,0,0,0,0,0,0,0,0
141,..\Common\Defs\ThingDefs_Items\Tier3\WeaponRanged\RangedArchotech.xml,ThingDef,BOR_Bullet_Shotgun_TIII,shotgun tenebral blast,,Things/Projectile/Bullet_Shotgun,0,0,0,0,0,0,0,0,0,0,0,0,0,0
142,..\Common\Defs\ThingDefs_Items\Tier3\WeaponRanged\RangedArchotech.xml,ThingDef,BOR_Gun_ChainShotgun_TIII,tenebral chain shotgun,"A magazine-fed fully automatic shotgun. It is even shorter-ranged than a typical shotgun, but is extraordinarily dangerous due to burst fire.",BOR/Things/Item/Equipment/weaponranged/gen3/shotgun,0,70,0,5,0,0,0,0,0,0,0,0,0,0
143,..\Common\Defs\ThingDefs_Items\Tier3\WeaponRanged\RangedArchotech.xml,ThingDef,BOR_Gun_AssaultRifle_TIII,tenebral assault rifle,"A general-purpose gas-operated assault rifle for field or urban combat. It has good range, decent power, and good accuracy.",BOR/Things/Item/Equipment/weaponranged/gen3/rifle,0,60,0,7,0,0,0,0,0,0,0,0,0,0
144,..\Common\Defs\ThingDefs_Items\Tier3\WeaponRanged\RangedArchotech.xml,ThingDef,BOR_Bullet_AssaultRifle_TIII,assault rifle tenebral bullet,,Things/Projectile/Bullet_Small,0,0,0,0,0,0,0,0,0,0,0,0,0,0
145,..\Common\Defs\ThingDefs_Items\Tier3\WeaponRanged\RangedArchotech.xml,ThingDef,BOR_Gun_SniperRifle_TIII,tenebral sniper rifle,"An ancient design of precision sniper rifle. Bolt action. It has an exceptionally long range, great accuracy and good power. Because it's so unwieldy, other weapons outclass it at close range.",BOR/Things/Item/Equipment/weaponranged/gen3/sniper,0,60,0,8,0,0,0,0,0,0,0,0,0,0
146,..\Common\Defs\ThingDefs_Items\Tier3\WeaponRanged\RangedArchotech.xml,ThingDef,BOR_Bullet_SniperRifle_TIII,sniper rifle tenebral bullet,,Things/Projectile/Bullet_Big,0,0,0,0,0,0,0,0,0,0,0,0,0,0
